[
  {
    "Digimon": "Kuramon",
    "Stage": "Baby",
    "Attribute": "Neutral",
    "Memory": 2,
    "hp": 590,
    "atk": 79
  },
  {
    "Digimon": "Pabumon",
    "Stage": "Baby",
    "Attribute": "Neutral",
    "Memory": 2,
    "hp": 950,
    "atk": 76
  },
  {
    "Digimon": "Punimon",
    "Stage": "Baby",
    "Attribute": "Neutral",
    "Memory": 2,
    "hp": 870,
    "atk": 97
  },
  {
    "Digimon": "Botamon",
    "Stage": "Baby",
    "Attribute": "Neutral",
    "Memory": 2,
    "hp": 690,
    "atk": 77
  },
  {
    "Digimon": "Poyomon",
    "Stage": "Baby",
    "Attribute": "Neutral",
    "Memory": 2,
    "hp": 540,
    "atk": 54
  },
  {
    "Digimon": "Koromon",
    "Stage": "In-Training",
    "Attribute": "Fire",
    "Memory": 3,
    "hp": 940,
    "atk": 109
  },
  {
    "Digimon": "Tanemon",
    "Stage": "In-Training",
    "Attribute": "Plant",
    "Memory": 3,
    "hp": 1030,
    "atk": 85
  },
  {
    "Digimon": "Tsunomon",
    "Stage": "In-Training",
    "Attribute": "Earth",
    "Memory": 3,
    "hp": 930,
    "atk": 107
  },
  {
    "Digimon": "Tsumemon",
    "Stage": "In-Training",
    "Attribute": "Dark",
    "Memory": 3,
    "hp": 930,
    "atk": 108
  },
  {
    "Digimon": "Tokomon",
    "Stage": "In-Training",
    "Attribute": "Neutral",
    "Memory": 3,
    "hp": 640,
    "atk": 76
  },
  {
    "Digimon": "Nyaromon",
    "Stage": "In-Training",
    "Attribute": "Light",
    "Memory": 3,
    "hp": 540,
    "atk": 54
  },
  {
    "Digimon": "Pagumon",
    "Stage": "In-Training",
    "Attribute": "Dark",
    "Memory": 3,
    "hp": 550,
    "atk": 60
  },
  {
    "Digimon": "Yokomon",
    "Stage": "In-Training",
    "Attribute": "Plant",
    "Memory": 3,
    "hp": 1040,
    "atk": 82
  },
  {
    "Digimon": "Bukamon",
    "Stage": "In-Training",
    "Attribute": "Water",
    "Memory": 3,
    "hp": 830,
    "atk": 54
  },
  {
    "Digimon": "Motimon",
    "Stage": "In-Training",
    "Attribute": "Neutral",
    "Memory": 3,
    "hp": 1030,
    "atk": 82
  },
  {
    "Digimon": "Wanyamon",
    "Stage": "In-Training",
    "Attribute": "Wind",
    "Memory": 3,
    "hp": 830,
    "atk": 79
  },
  {
    "Digimon": "Agumon",
    "Stage": "Rookie",
    "Attribute": "Fire",
    "Memory": 5,
    "hp": 1030,
    "atk": 131
  },
  {
    "Digimon": "Agumon (Blk)",
    "Stage": "Rookie",
    "Attribute": "Fire",
    "Memory": 5,
    "hp": 1020,
    "atk": 124
  },
  {
    "Digimon": "Armadillomon",
    "Stage": "Rookie",
    "Attribute": "Earth",
    "Memory": 4,
    "hp": 1160,
    "atk": 67
  },
  {
    "Digimon": "Impmon",
    "Stage": "Rookie",
    "Attribute": "Dark",
    "Memory": 5,
    "hp": 530,
    "atk": 83
  },
  {
    "Digimon": "Elecmon",
    "Stage": "Rookie",
    "Attribute": "Electric",
    "Memory": 4,
    "hp": 930,
    "atk": 82
  },
  {
    "Digimon": "Otamamon",
    "Stage": "Rookie",
    "Attribute": "Water",
    "Memory": 4,
    "hp": 930,
    "atk": 52
  },
  {
    "Digimon": "Gaomon",
    "Stage": "Rookie",
    "Attribute": "Neutral",
    "Memory": 5,
    "hp": 1030,
    "atk": 118
  },
  {
    "Digimon": "Gazimon",
    "Stage": "Rookie",
    "Attribute": "Dark",
    "Memory": 4,
    "hp": 970,
    "atk": 123
  },
  {
    "Digimon": "Gabumon",
    "Stage": "Rookie",
    "Attribute": "Fire",
    "Memory": 5,
    "hp": 980,
    "atk": 94
  },
  {
    "Digimon": "Gabumon (Blk)",
    "Stage": "Rookie",
    "Attribute": "Fire",
    "Memory": 5,
    "hp": 950,
    "atk": 99
  },
  {
    "Digimon": "Guilmon",
    "Stage": "Rookie",
    "Attribute": "Fire",
    "Memory": 5,
    "hp": 1050,
    "atk": 133
  },
  {
    "Digimon": "Kudamon",
    "Stage": "Rookie",
    "Attribute": "Light",
    "Memory": 5,
    "hp": 590,
    "atk": 53
  },
  {
    "Digimon": "Keramon",
    "Stage": "Rookie",
    "Attribute": "Dark",
    "Memory": 5,
    "hp": 1030,
    "atk": 123
  },
  {
    "Digimon": "Gotsumon",
    "Stage": "Rookie",
    "Attribute": "Earth",
    "Memory": 5,
    "hp": 790,
    "atk": 93
  },
  {
    "Digimon": "Goblimon",
    "Stage": "Rookie",
    "Attribute": "Earth",
    "Memory": 4,
    "hp": 1050,
    "atk": 115
  },
  {
    "Digimon": "Gomamon",
    "Stage": "Rookie",
    "Attribute": "Water",
    "Memory": 5,
    "hp": 1160,
    "atk": 93
  },
  {
    "Digimon": "Syakomon",
    "Stage": "Rookie",
    "Attribute": "Water",
    "Memory": 4,
    "hp": 870,
    "atk": 53
  },
  {
    "Digimon": "Solarmon",
    "Stage": "Rookie",
    "Attribute": "Light",
    "Memory": 4,
    "hp": 1030,
    "atk": 69
  },
  {
    "Digimon": "Terriermon",
    "Stage": "Rookie",
    "Attribute": "Wind",
    "Memory": 4,
    "hp": 690,
    "atk": 84
  },
  {
    "Digimon": "Tentomon",
    "Stage": "Rookie",
    "Attribute": "Plant",
    "Memory": 4,
    "hp": 750,
    "atk": 86
  },
  {
    "Digimon": "ToyAgumon",
    "Stage": "Rookie",
    "Attribute": "Neutral",
    "Memory": 4,
    "hp": 1110,
    "atk": 72
  },
  {
    "Digimon": "Dorumon",
    "Stage": "Rookie",
    "Attribute": "Neutral",
    "Memory": 5,
    "hp": 1020,
    "atk": 128
  },
  {
    "Digimon": "Hagurumon",
    "Stage": "Rookie",
    "Attribute": "Electric",
    "Memory": 4,
    "hp": 1090,
    "atk": 66
  },
  {
    "Digimon": "Patamon",
    "Stage": "Rookie",
    "Attribute": "Wind",
    "Memory": 4,
    "hp": 880,
    "atk": 79
  },
  {
    "Digimon": "Hackmon",
    "Stage": "Rookie",
    "Attribute": "Fire",
    "Memory": 5,
    "hp": 1030,
    "atk": 118
  },
  {
    "Digimon": "Palmon",
    "Stage": "Rookie",
    "Attribute": "Plant",
    "Memory": 5,
    "hp": 1140,
    "atk": 103
  },
  {
    "Digimon": "DemiDevimon",
    "Stage": "Rookie",
    "Attribute": "Dark",
    "Memory": 4,
    "hp": 650,
    "atk": 89
  },
  {
    "Digimon": "Biyomon",
    "Stage": "Rookie",
    "Attribute": "Wind",
    "Memory": 4,
    "hp": 830,
    "atk": 85
  },
  {
    "Digimon": "Falcomon",
    "Stage": "Rookie",
    "Attribute": "Wind",
    "Memory": 5,
    "hp": 740,
    "atk": 94
  },
  {
    "Digimon": "Veemon",
    "Stage": "Rookie",
    "Attribute": "Neutral",
    "Memory": 5,
    "hp": 1040,
    "atk": 130
  },
  {
    "Digimon": "Salamon",
    "Stage": "Rookie",
    "Attribute": "Light",
    "Memory": 4,
    "hp": 540,
    "atk": 59
  },
  {
    "Digimon": "Betamon",
    "Stage": "Rookie",
    "Attribute": "Water",
    "Memory": 4,
    "hp": 870,
    "atk": 61
  },
  {
    "Digimon": "Hawkmon",
    "Stage": "Rookie",
    "Attribute": "Wind",
    "Memory": 5,
    "hp": 690,
    "atk": 99
  },
  {
    "Digimon": "Lalamon",
    "Stage": "Rookie",
    "Attribute": "Plant",
    "Memory": 4,
    "hp": 1100,
    "atk": 87
  },
  {
    "Digimon": "Lucemon",
    "Stage": "Rookie",
    "Attribute": "Light",
    "Memory": 14,
    "hp": 1230,
    "atk": 59
  },
  {
    "Digimon": "Renamon",
    "Stage": "Rookie",
    "Attribute": "Plant",
    "Memory": 5,
    "hp": 930,
    "atk": 89
  },
  {
    "Digimon": "Lopmon",
    "Stage": "Rookie",
    "Attribute": "Earth",
    "Memory": 4,
    "hp": 790,
    "atk": 103
  },
  {
    "Digimon": "Wormmon",
    "Stage": "Rookie",
    "Attribute": "Plant",
    "Memory": 4,
    "hp": 760,
    "atk": 92
  },
  {
    "Digimon": "IceDevimon",
    "Stage": "Champion",
    "Attribute": "Water",
    "Memory": 8,
    "hp": 990,
    "atk": 140
  },
  {
    "Digimon": "Aquilamon",
    "Stage": "Champion",
    "Attribute": "Wind",
    "Memory": 8,
    "hp": 840,
    "atk": 109
  },
  {
    "Digimon": "Ankylomon",
    "Stage": "Champion",
    "Attribute": "Earth",
    "Memory": 6,
    "hp": 1330,
    "atk": 89
  },
  {
    "Digimon": "Ikkakumon",
    "Stage": "Champion",
    "Attribute": "Water",
    "Memory": 8,
    "hp": 1330,
    "atk": 118
  },
  {
    "Digimon": "Wizardmon",
    "Stage": "Champion",
    "Attribute": "Dark",
    "Memory": 8,
    "hp": 690,
    "atk": 74
  },
  {
    "Digimon": "Woodmon",
    "Stage": "Champion",
    "Attribute": "Plant",
    "Memory": 6,
    "hp": 1480,
    "atk": 109
  },
  {
    "Digimon": "ExVeemon",
    "Stage": "Champion",
    "Attribute": "Neutral",
    "Memory": 8,
    "hp": 1030,
    "atk": 104
  },
  {
    "Digimon": "Angemon",
    "Stage": "Champion",
    "Attribute": "Light",
    "Memory": 8,
    "hp": 940,
    "atk": 128
  },
  {
    "Digimon": "Ogremon",
    "Stage": "Champion",
    "Attribute": "Earth",
    "Memory": 8,
    "hp": 1230,
    "atk": 155
  },
  {
    "Digimon": "Guardromon",
    "Stage": "Champion",
    "Attribute": "Electric",
    "Memory": 6,
    "hp": 990,
    "atk": 108
  },
  {
    "Digimon": "GaoGamon",
    "Stage": "Champion",
    "Attribute": "Wind",
    "Memory": 8,
    "hp": 740,
    "atk": 109
  },
  {
    "Digimon": "Kabuterimon",
    "Stage": "Champion",
    "Attribute": "Plant",
    "Memory": 6,
    "hp": 890,
    "atk": 108
  },
  {
    "Digimon": "ShellNumemon",
    "Stage": "Champion",
    "Attribute": "Water",
    "Memory": 6,
    "hp": 1280,
    "atk": 79
  },
  {
    "Digimon": "Gargomon",
    "Stage": "Champion",
    "Attribute": "Electric",
    "Memory": 6,
    "hp": 1030,
    "atk": 109
  },
  {
    "Digimon": "Garurumon",
    "Stage": "Champion",
    "Attribute": "Fire",
    "Memory": 8,
    "hp": 890,
    "atk": 99
  },
  {
    "Digimon": "Garurumon (Blk)",
    "Stage": "Champion",
    "Attribute": "Fire",
    "Memory": 8,
    "hp": 890,
    "atk": 109
  },
  {
    "Digimon": "Kyubimon",
    "Stage": "Champion",
    "Attribute": "Fire",
    "Memory": 8,
    "hp": 740,
    "atk": 59
  },
  {
    "Digimon": "Growlmon",
    "Stage": "Champion",
    "Attribute": "Fire",
    "Memory": 8,
    "hp": 1180,
    "atk": 143
  },
  {
    "Digimon": "Kurisarimon",
    "Stage": "Champion",
    "Attribute": "Dark",
    "Memory": 8,
    "hp": 1280,
    "atk": 153
  },
  {
    "Digimon": "Greymon",
    "Stage": "Champion",
    "Attribute": "Fire",
    "Memory": 8,
    "hp": 1230,
    "atk": 148
  },
  {
    "Digimon": "Greymon (Blue)",
    "Stage": "Champion",
    "Attribute": "Fire",
    "Memory": 8,
    "hp": 1280,
    "atk": 153
  },
  {
    "Digimon": "Clockmon",
    "Stage": "Champion",
    "Attribute": "Electric",
    "Memory": 6,
    "hp": 1030,
    "atk": 64
  },
  {
    "Digimon": "Kuwagamon",
    "Stage": "Champion",
    "Attribute": "Plant",
    "Memory": 6,
    "hp": 1180,
    "atk": 153
  },
  {
    "Digimon": "Gekomon",
    "Stage": "Champion",
    "Attribute": "Water",
    "Memory": 6,
    "hp": 1130,
    "atk": 68
  },
  {
    "Digimon": "Geremon",
    "Stage": "Champion",
    "Attribute": "Electric",
    "Memory": 6,
    "hp": 1380,
    "atk": 104
  },
  {
    "Digimon": "GoldNumemon",
    "Stage": "Champion",
    "Attribute": "Light",
    "Memory": 6,
    "hp": 1130,
    "atk": 59
  },
  {
    "Digimon": "Cyclonemon",
    "Stage": "Champion",
    "Attribute": "Earth",
    "Memory": 6,
    "hp": 940,
    "atk": 131
  },
  {
    "Digimon": "Sunflowmon",
    "Stage": "Champion",
    "Attribute": "Plant",
    "Memory": 6,
    "hp": 1180,
    "atk": 64
  },
  {
    "Digimon": "Seadramon",
    "Stage": "Champion",
    "Attribute": "Water",
    "Memory": 6,
    "hp": 1080,
    "atk": 64
  },
  {
    "Digimon": "GeoGreymon",
    "Stage": "Champion",
    "Attribute": "Fire",
    "Memory": 8,
    "hp": 1330,
    "atk": 143
  },
  {
    "Digimon": "Sukamon",
    "Stage": "Champion",
    "Attribute": "Earth",
    "Memory": 6,
    "hp": 1430,
    "atk": 89
  },
  {
    "Digimon": "Starmon",
    "Stage": "Champion",
    "Attribute": "Neutral",
    "Memory": 6,
    "hp": 1080,
    "atk": 104
  },
  {
    "Digimon": "Stingmon",
    "Stage": "Champion",
    "Attribute": "Plant",
    "Memory": 8,
    "hp": 1130,
    "atk": 143
  },
  {
    "Digimon": "Socerimon",
    "Stage": "Champion",
    "Attribute": "Water",
    "Memory": 8,
    "hp": 1030,
    "atk": 64
  },
  {
    "Digimon": "Tankmon",
    "Stage": "Champion",
    "Attribute": "Electric",
    "Memory": 6,
    "hp": 940,
    "atk": 113
  },
  {
    "Digimon": "Tyrannomon",
    "Stage": "Champion",
    "Attribute": "Fire",
    "Memory": 6,
    "hp": 1230,
    "atk": 148
  },
  {
    "Digimon": "Gatomon",
    "Stage": "Champion",
    "Attribute": "Light",
    "Memory": 8,
    "hp": 640,
    "atk": 69
  },
  {
    "Digimon": "Devimon",
    "Stage": "Champion",
    "Attribute": "Dark",
    "Memory": 8,
    "hp": 990,
    "atk": 133
  },
  {
    "Digimon": "Togemon",
    "Stage": "Champion",
    "Attribute": "Plant",
    "Memory": 8,
    "hp": 1330,
    "atk": 108
  },
  {
    "Digimon": "Dorugamon",
    "Stage": "Champion",
    "Attribute": "Earth",
    "Memory": 8,
    "hp": 1180,
    "atk": 138
  },
  {
    "Digimon": "Nanimon",
    "Stage": "Champion",
    "Attribute": "Earth",
    "Memory": 6,
    "hp": 1070,
    "atk": 108
  },
  {
    "Digimon": "Numemon",
    "Stage": "Champion",
    "Attribute": "Earth",
    "Memory": 6,
    "hp": 1380,
    "atk": 84
  },
  {
    "Digimon": "Birdramon",
    "Stage": "Champion",
    "Attribute": "Fire",
    "Memory": 8,
    "hp": 940,
    "atk": 94
  },
  {
    "Digimon": "Bakemon",
    "Stage": "Champion",
    "Attribute": "Dark",
    "Memory": 6,
    "hp": 590,
    "atk": 64
  },
  {
    "Digimon": "Veedramon",
    "Stage": "Champion",
    "Attribute": "Wind",
    "Memory": 8,
    "hp": 1180,
    "atk": 138
  },
  {
    "Digimon": "PlatinumSukamon",
    "Stage": "Champion",
    "Attribute": "Neutral",
    "Memory": 6,
    "hp": 1380,
    "atk": 79
  }
 ]